<?xml version="1.0" encoding="UTF-8" standalone="yes"?>
<ModMetaData>
  <name>Area Unlocker</name>
  <author>Fluffy</author>
  <url>https://ludeon.com/forums/index.php?topic=16120</url>
  <description>Removes the (arbitrary) limit to the number of areas you can create, change area colours.

&lt;size=24&gt;Notes&lt;/size&gt;
While this completely removes the limit on the number of areas you can create, the area selection widget in other parts of the UI is untouched - and designed for 5 areas per type. If you create too many areas, you may run into issues. This practical limit depends largely on your resolution and UI size factor. I have no plans to update these UI issues, nor could I do so for all the mods that use areas.

&lt;size=24&gt;Powered by Harmony&lt;/size&gt;


&lt;size=24&gt;Version&lt;/size&gt;
This is version 3.14.114, for RimWorld 1.2.2753.

</description>
  <packageId>fluffy.areaunlocker</packageId>
  <supportedVersions>
    <li>1.2</li>
  </supportedVersions>
  <modDependencies>
    <li>
      <packageId>brrainz.harmony</packageId>
      <displayName>Harmony</displayName>
      <steamWorkshopUrl>steam://url/CommunityFilePage/2009463077</steamWorkshopUrl>
      <downloadUrl>https://github.com/pardeike/HarmonyRimWorld/releases/latest</downloadUrl>
    </li>
  </modDependencies>
  <loadAfter>
    <li>brrainz.harmony</li>
  </loadAfter>
</ModMetaData>