<?xml version="1.0" encoding="UTF-8" standalone="yes"?>
<ModMetaData>
    <name>Area Unlocker</name>
    <author>Fluffy</author>
    <packageId>Fluffy.AreaUnlocker</packageId>
    <description>Removes the (arbitrary) limit to the number of areas you can create, change area colours.

&lt;size=28&gt;Notes&lt;/size&gt;

While this completely removes the limit on the number of areas you can create, the area selection widget in other parts of the UI is untouched - and designed for 5 areas per type. If you create too many areas, you may run into issues. This practical limit depends largely on your resolution and UI size factor. I have no plans to update these UI issues, nor could I do so for all the mods that use areas.

&lt;size=28&gt;Known Issues&lt;/size&gt;

- reordering areas is currently broken (2024-03-15, 1.5)

&lt;size=28&gt;Powered by Harmony&lt;/size&gt;

</description>
    <url>https://github.com/fluffy-mods/AreaUnlocker</url>
    <supportedVersions>
        <li>1.5</li>
    </supportedVersions>
    <modDependencies>
        <li>
            <packageId>brrainz.harmony</packageId>
            <displayName>Harmony</displayName>
            <steamWorkshopUrl>steam://url/CommunityFilePage/2009463077</steamWorkshopUrl>
            <downloadUrl>https://github.com/pardeike/HarmonyRimWorld/releases/latest</downloadUrl>
        </li>
    </modDependencies>
    <loadAfter>
        <li>brrainz.harmony</li>
    </loadAfter>
</ModMetaData>